-- phpMyAdmin SQL Dump
-- version 4.6.6deb5
-- https://www.phpmyadmin.net/
--
-- Host: localhost:3306
-- Generation Time: May 23, 2019 at 11:01 AM
-- Server version: 5.7.24-0ubuntu0.18.04.1
-- PHP Version: 7.2.15-0ubuntu0.18.04.1

SET SQL_MODE = "NO_AUTO_VALUE_ON_ZERO";
SET time_zone = "+00:00";


/*!40101 SET @OLD_CHARACTER_SET_CLIENT=@@CHARACTER_SET_CLIENT */;
/*!40101 SET @OLD_CHARACTER_SET_RESULTS=@@CHARACTER_SET_RESULTS */;
/*!40101 SET @OLD_COLLATION_CONNECTION=@@COLLATION_CONNECTION */;
/*!40101 SET NAMES utf8mb4 */;

--
-- Database: `mpesa`
--

-- --------------------------------------------------------

--
-- Table structure for table `categories`
--

CREATE TABLE `categories` (
  `id` int(255) NOT NULL,
  `category_name` varchar(100) NOT NULL,
  `icon` varchar(100) NOT NULL,
  `created_at` datetime NOT NULL DEFAULT CURRENT_TIMESTAMP,
  `updated_at` datetime NOT NULL DEFAULT CURRENT_TIMESTAMP
) ENGINE=InnoDB DEFAULT CHARSET=latin1;

--
-- Dumping data for table `categories`
--

INSERT INTO `categories` (`id`, `category_name`, `icon`, `created_at`, `updated_at`) VALUES
(1, 'Main Buffes', 'fa-birthday-cake', '2019-02-20 11:39:52', '2019-02-20 11:39:52'),
(2, 'Drinks 104', 'fa-delicious', '2019-02-20 11:39:52', '2019-02-20 11:39:52'),
(3, 'Beverages', 'fa-coffee', '2019-02-20 11:39:52', '2019-02-20 11:39:52'),
(4, 'others', 'fa-birthday-cake', '2019-02-20 11:39:52', '2019-02-20 11:39:52');

-- --------------------------------------------------------

--
-- Table structure for table `customers`
--

CREATE TABLE `customers` (
  `id` int(10) NOT NULL,
  `server_id` int(10) NOT NULL,
  `Date` timestamp NOT NULL DEFAULT CURRENT_TIMESTAMP
) ENGINE=InnoDB DEFAULT CHARSET=latin1;

--
-- Dumping data for table `customers`
--

INSERT INTO `customers` (`id`, `server_id`, `Date`) VALUES
(4, 1, '2019-02-02 09:02:07'),
(5, 1, '2019-02-02 09:10:21'),
(6, 1, '2019-02-02 09:12:14'),
(7, 1, '2019-02-02 09:14:35'),
(8, 1, '2019-02-02 09:14:39'),
(9, 1, '2019-02-02 09:18:00'),
(10, 1, '2019-02-02 09:18:10'),
(11, 1, '2019-02-04 07:00:41'),
(12, 1, '2019-02-04 07:01:06'),
(13, 1, '2019-02-04 07:03:25'),
(14, 1, '2019-02-04 07:03:28'),
(15, 1, '2019-02-04 07:04:33'),
(16, 1, '2019-02-04 07:04:45'),
(17, 1, '2019-02-04 07:04:50'),
(18, 1, '2019-02-04 07:06:29'),
(19, 1, '2019-02-04 07:08:10'),
(20, 1, '2019-02-04 07:08:31'),
(21, 1, '2019-02-04 07:09:37'),
(22, 1, '2019-02-04 07:09:39'),
(23, 1, '2019-02-04 07:10:17'),
(24, 1, '2019-02-04 08:10:09'),
(25, 1, '2019-02-04 08:10:55'),
(26, 1, '2019-02-04 13:38:55'),
(27, 1, '2019-02-04 13:47:27'),
(28, 1, '2019-02-04 13:51:16'),
(29, 1, '2019-02-04 13:57:24'),
(30, 1, '2019-02-04 14:03:39'),
(31, 1, '2019-02-04 14:03:52'),
(32, 1, '2019-02-04 14:04:16'),
(33, 1, '2019-02-04 14:05:57'),
(34, 1, '2019-02-04 14:06:21'),
(35, 1, '2019-02-04 14:07:57'),
(36, 1, '2019-02-04 18:58:27'),
(37, 1, '2019-02-04 18:59:43'),
(38, 1, '2019-02-04 19:01:40'),
(39, 1, '2019-02-04 19:15:53'),
(40, 1, '2019-02-04 19:20:23'),
(41, 1, '2019-02-04 19:26:14'),
(42, 1, '2019-02-04 19:26:35'),
(43, 1, '2019-02-04 19:28:40'),
(44, 1, '2019-02-04 19:30:36'),
(45, 1, '2019-02-04 19:32:27'),
(46, 1, '2019-02-05 06:37:18'),
(47, 1, '2019-02-05 06:38:26'),
(48, 1, '2019-02-05 06:39:40'),
(49, 1, '2019-02-05 06:47:57'),
(50, 1, '2019-02-05 06:51:05'),
(51, 1, '2019-02-05 06:52:47'),
(52, 1, '2019-02-05 06:54:38'),
(53, 1, '2019-02-05 06:56:39'),
(54, 1, '2019-02-05 07:00:15'),
(55, 1, '2019-02-05 07:01:50'),
(56, 1, '2019-02-05 07:02:24'),
(57, 1, '2019-02-05 07:04:59'),
(58, 1, '2019-02-05 07:10:31'),
(59, 1, '2019-02-05 07:12:02'),
(60, 1, '2019-02-05 07:54:21'),
(61, 1, '2019-02-05 07:55:23'),
(62, 1, '2019-02-05 07:56:32'),
(63, 1, '2019-02-05 07:56:59'),
(64, 1, '2019-02-05 07:58:09'),
(65, 1, '2019-02-05 07:59:27'),
(66, 1, '2019-02-05 08:00:57'),
(67, 1, '2019-02-05 08:03:20'),
(68, 1, '2019-02-05 08:05:31'),
(69, 1, '2019-02-05 08:05:59'),
(70, 1, '2019-02-05 08:07:30'),
(71, 1, '2019-02-05 08:08:12'),
(72, 1, '2019-02-05 08:09:50'),
(73, 1, '2019-02-05 08:19:10'),
(74, 1, '2019-02-05 08:20:33'),
(75, 1, '2019-02-05 08:21:23'),
(76, 1, '2019-02-05 08:25:25'),
(77, 1, '2019-02-05 08:40:34'),
(78, 1, '2019-02-05 09:16:28'),
(79, 1, '2019-02-05 09:19:04'),
(80, 1, '2019-02-05 09:19:44'),
(81, 1, '2019-02-05 09:20:21'),
(82, 1, '2019-02-05 10:39:23'),
(83, 1, '2019-02-05 10:40:10'),
(84, 1, '2019-02-05 10:40:36'),
(85, 1, '2019-02-05 10:55:30'),
(86, 1, '2019-02-05 11:05:06'),
(87, 1, '2019-02-05 11:08:44'),
(88, 1, '2019-02-05 11:11:05'),
(89, 1, '2019-02-05 11:11:29'),
(90, 1, '2019-02-05 11:11:51'),
(91, 1, '2019-02-05 11:14:14'),
(92, 1, '2019-02-05 11:15:52'),
(93, 1, '2019-02-05 11:17:39'),
(94, 1, '2019-02-05 11:19:47'),
(95, 1, '2019-02-05 11:21:52'),
(96, 1, '2019-02-05 11:22:55'),
(97, 1, '2019-02-05 11:24:12'),
(98, 1, '2019-02-05 11:25:49'),
(99, 1, '2019-02-05 11:49:40'),
(100, 1, '2019-02-05 12:11:44'),
(101, 1, '2019-02-05 12:23:19'),
(102, 1, '2019-02-05 12:24:52'),
(103, 1, '2019-02-05 12:26:50'),
(104, 1, '2019-02-05 12:27:27'),
(105, 1, '2019-02-05 12:28:41'),
(106, 1, '2019-02-05 12:29:24'),
(107, 1, '2019-02-05 12:29:33'),
(108, 1, '2019-02-05 12:30:49'),
(109, 1, '2019-02-05 12:33:50'),
(110, 1, '2019-02-05 12:38:03'),
(111, 1, '2019-02-05 12:40:23'),
(112, 1, '2019-02-05 12:41:50'),
(113, 1, '2019-02-05 12:45:22'),
(114, 1, '2019-02-05 12:48:34'),
(115, 1, '2019-02-05 12:51:22'),
(116, 1, '2019-02-05 12:52:19'),
(117, 1, '2019-02-05 12:52:52'),
(118, 1, '2019-02-05 12:56:14'),
(119, 1, '2019-02-05 12:58:07'),
(120, 1, '2019-02-05 13:02:22'),
(121, 1, '2019-02-05 13:02:36'),
(122, 1, '2019-02-05 13:03:47'),
(123, 1, '2019-02-07 06:55:59'),
(124, 1, '2019-02-07 07:06:49'),
(125, 1, '2019-02-07 07:07:46'),
(126, 1, '2019-02-07 07:09:50'),
(127, 1, '2019-02-07 07:10:15'),
(128, 1, '2019-02-07 07:12:15'),
(129, 1, '2019-02-07 07:13:12'),
(130, 1, '2019-02-07 07:16:43'),
(131, 1, '2019-02-07 07:22:13'),
(132, 1, '2019-02-07 07:25:51'),
(133, 1, '2019-02-07 07:26:27'),
(134, 1, '2019-02-07 07:28:18'),
(135, 1, '2019-02-07 07:30:29'),
(136, 1, '2019-02-07 07:31:32'),
(137, 1, '2019-02-07 07:33:59'),
(138, 1, '2019-02-07 07:34:15'),
(139, 1, '2019-02-07 08:01:24'),
(140, 1, '2019-02-07 08:05:04'),
(141, 1, '2019-02-07 09:13:25'),
(142, 1, '2019-02-07 09:17:40'),
(143, 1, '2019-02-07 09:18:10'),
(144, 1, '2019-02-07 09:18:45'),
(145, 1, '2019-02-07 09:19:54'),
(146, 1, '2019-02-07 09:21:06'),
(147, 1, '2019-02-07 09:23:54'),
(148, 1, '2019-02-07 09:32:58'),
(149, 1, '2019-02-07 09:36:43'),
(150, 1, '2019-02-07 09:36:53'),
(151, 1, '2019-02-07 11:25:24'),
(152, 1, '2019-02-07 13:25:04'),
(153, 1, '2019-02-07 13:25:43'),
(154, 1, '2019-02-12 11:44:15'),
(155, 1, '2019-02-12 11:54:12'),
(156, 1, '2019-02-12 14:32:24'),
(157, 1, '2019-02-12 14:32:37'),
(158, 1, '2019-02-14 07:52:07'),
(159, 1, '2019-02-14 09:00:17'),
(160, 1, '2019-02-14 09:02:20'),
(161, 1, '2019-02-14 09:11:35'),
(162, 1, '2019-02-14 09:14:03'),
(163, 1, '2019-02-14 09:15:19'),
(164, 1, '2019-02-14 09:15:45'),
(165, 1, '2019-02-14 09:18:30'),
(166, 1, '2019-02-14 09:20:52'),
(167, 1, '2019-02-14 09:23:19'),
(168, 1, '2019-02-14 09:23:55'),
(169, 1, '2019-02-14 09:25:35'),
(170, 1, '2019-02-14 09:29:06'),
(171, 1, '2019-02-14 09:34:02'),
(172, 1, '2019-02-14 09:49:21'),
(173, 1, '2019-02-14 09:50:07'),
(174, 1, '2019-02-14 09:50:58'),
(175, 1, '2019-02-14 09:52:24'),
(176, 1, '2019-02-14 09:53:58'),
(177, 1, '2019-02-14 09:55:17'),
(178, 1, '2019-02-14 09:55:51'),
(179, 1, '2019-02-14 12:16:13'),
(180, 1, '2019-02-14 12:25:11'),
(181, 1, '2019-02-14 12:26:17'),
(182, 1, '2019-02-14 12:27:40'),
(183, 1, '2019-02-14 12:28:32'),
(184, 1, '2019-02-14 12:29:30'),
(185, 1, '2019-02-14 12:29:59'),
(186, 1, '2019-02-14 12:34:33'),
(187, 1, '2019-02-14 12:35:04'),
(188, 1, '2019-02-14 12:35:24'),
(189, 1, '2019-02-14 12:43:22'),
(190, 1, '2019-02-14 12:44:59'),
(191, 1, '2019-02-14 12:49:49'),
(192, 1, '2019-02-14 12:52:26'),
(193, 1, '2019-02-14 12:54:09'),
(194, 1, '2019-02-14 12:57:08'),
(195, 1, '2019-02-14 12:57:38'),
(196, 1, '2019-02-14 12:59:38'),
(197, 1, '2019-02-14 13:00:36'),
(198, 1, '2019-02-14 13:02:32'),
(199, 1, '2019-02-14 13:04:16'),
(200, 1, '2019-02-14 13:04:56'),
(201, 1, '2019-02-14 13:05:29'),
(202, 1, '2019-02-14 13:06:18'),
(203, 1, '2019-02-14 13:08:40'),
(204, 1, '2019-02-14 13:10:15'),
(205, 1, '2019-02-14 13:12:26'),
(206, 1, '2019-02-14 13:12:44'),
(207, 1, '2019-02-14 13:15:02'),
(208, 1, '2019-02-14 13:19:38'),
(209, 1, '2019-02-14 13:21:58'),
(210, 1, '2019-02-14 13:22:31'),
(211, 1, '2019-02-14 13:31:14'),
(212, 1, '2019-02-14 13:32:19'),
(213, 1, '2019-02-14 17:37:36'),
(214, 1, '2019-02-14 17:38:34'),
(215, 1, '2019-02-14 17:41:50'),
(216, 1, '2019-02-14 17:42:50'),
(217, 1, '2019-02-14 17:43:20'),
(218, 1, '2019-02-14 17:44:02'),
(219, 1, '2019-02-14 17:46:45'),
(220, 1, '2019-02-14 17:48:18'),
(221, 1, '2019-02-14 17:49:12'),
(222, 1, '2019-02-14 17:50:15'),
(223, 1, '2019-02-14 17:51:16'),
(224, 1, '2019-02-14 17:53:49'),
(225, 1, '2019-02-14 17:59:21'),
(226, 1, '2019-02-14 18:00:15'),
(227, 1, '2019-02-14 18:02:10'),
(228, 1, '2019-02-15 06:38:50'),
(229, 1, '2019-02-15 06:42:44'),
(230, 1, '2019-02-15 06:44:15'),
(231, 1, '2019-02-15 06:45:48'),
(232, 1, '2019-02-15 07:23:02'),
(233, 1, '2019-02-15 07:24:37'),
(234, 1, '2019-02-15 07:26:02'),
(235, 1, '2019-02-15 07:27:11'),
(236, 1, '2019-02-15 07:27:48'),
(237, 1, '2019-02-15 07:27:55'),
(238, 1, '2019-02-15 07:29:37'),
(239, 1, '2019-02-15 07:30:58'),
(240, 1, '2019-02-15 07:32:53'),
(241, 1, '2019-02-15 07:34:22'),
(242, 1, '2019-02-15 07:40:40'),
(243, 1, '2019-02-15 07:42:01'),
(244, 1, '2019-02-15 07:44:37'),
(245, 1, '2019-02-15 07:45:09'),
(246, 1, '2019-02-15 07:46:13'),
(247, 1, '2019-02-15 07:47:08'),
(248, 1, '2019-02-15 07:50:33'),
(249, 1, '2019-02-15 09:03:50'),
(250, 1, '2019-02-15 09:05:02'),
(251, 1, '2019-02-15 09:05:52'),
(252, 1, '2019-02-15 09:07:27'),
(253, 1, '2019-02-15 09:08:18'),
(254, 1, '2019-02-15 09:08:42'),
(255, 1, '2019-02-15 12:15:05'),
(261, 1, '2019-02-15 13:14:22'),
(262, 1, '2019-02-15 13:15:36'),
(263, 1, '2019-02-15 13:16:24'),
(265, 1, '2019-02-16 13:07:22'),
(266, 1, '2019-02-16 13:08:44'),
(267, 1, '2019-02-16 13:13:49'),
(268, 1, '2019-02-16 13:14:18'),
(269, 1, '2019-02-16 13:15:27'),
(270, 1, '2019-02-16 13:18:04'),
(271, 1, '2019-02-16 13:19:18'),
(272, 1, '2019-02-16 13:20:49'),
(273, 1, '2019-02-16 13:22:04'),
(274, 1, '2019-02-16 13:22:37'),
(275, 1, '2019-02-16 17:03:26'),
(276, 1, '2019-02-16 17:07:52'),
(277, 1, '2019-02-16 17:19:12'),
(298, 1, '2019-02-18 13:34:14'),
(299, 1, '2019-02-18 13:37:38'),
(300, 1, '2019-02-18 13:39:34'),
(301, 1, '2019-02-18 13:40:41'),
(302, 1, '2019-02-20 07:41:46'),
(303, 1, '2019-02-20 07:54:17'),
(304, 1, '2019-02-20 07:55:00'),
(305, 1, '2019-02-20 07:56:25'),
(306, 1, '2019-02-20 07:59:59'),
(307, 1, '2019-02-21 10:25:01'),
(308, 1, '2019-02-21 10:25:27'),
(309, 1, '2019-02-21 10:29:00'),
(310, 1, '2019-02-21 10:52:39'),
(311, 1, '2019-02-22 07:10:43'),
(312, 1, '2019-02-22 07:13:06'),
(313, 1, '2019-02-22 07:14:53'),
(314, 1, '2019-02-22 08:07:10'),
(315, 1, '2019-02-26 12:31:59'),
(316, 1, '2019-02-26 19:27:27'),
(317, 1, '2019-02-27 13:13:44'),
(318, 1, '2019-02-28 19:59:04'),
(319, 1, '2019-02-28 20:02:20'),
(320, 1, '2019-02-28 20:06:46'),
(321, 1, '2019-02-28 20:08:09'),
(322, 1, '2019-02-28 20:09:36'),
(323, 1, '2019-02-28 20:10:34'),
(324, 1, '2019-02-28 20:12:10'),
(325, 1, '2019-02-28 20:13:42'),
(326, 1, '2019-02-28 20:15:25'),
(327, 1, '2019-02-28 20:18:01'),
(328, 1, '2019-02-28 20:19:38'),
(331, 1, '2019-02-28 20:23:22'),
(332, 1, '2019-02-28 20:25:26'),
(333, 1, '2019-02-28 20:26:55'),
(334, 1, '2019-03-01 09:25:35'),
(335, 1, '2019-03-01 09:26:55'),
(336, 1, '2019-03-01 09:29:18'),
(337, 1, '2019-03-01 09:30:50'),
(338, 1, '2019-03-01 09:35:33'),
(339, 1, '2019-03-01 09:37:18'),
(340, 1, '2019-03-14 11:47:19'),
(341, 1, '2019-03-14 15:14:18'),
(342, 1, '2019-03-15 10:32:38'),
(343, 1, '2019-03-15 10:34:24'),
(344, 1, '2019-03-15 10:45:44'),
(345, 1, '2019-03-20 09:16:23'),
(346, 1, '2019-03-22 13:36:25'),
(347, 1, '2019-03-22 13:48:02'),
(348, 1, '2019-03-22 14:06:27'),
(349, 1, '2019-03-22 14:07:11'),
(350, 1, '2019-04-11 13:12:23'),
(351, 1, '2019-04-25 08:56:39'),
(352, 1, '2019-05-09 07:29:06'),
(353, 1, '2019-05-11 14:27:49'),
(354, 1, '2019-05-11 14:36:27'),
(355, 1, '2019-05-11 14:38:31'),
(356, 1, '2019-05-16 17:34:45'),
(357, 1, '2019-05-16 17:36:14');

-- --------------------------------------------------------

--
-- Table structure for table `Failed_T`
--

CREATE TABLE `Failed_T` (
  `id` int(10) NOT NULL,
  `ResultCode` int(10) NOT NULL,
  `ResultDesc` varchar(255) NOT NULL,
  `Date` timestamp NOT NULL DEFAULT CURRENT_TIMESTAMP
) ENGINE=InnoDB DEFAULT CHARSET=latin1;

--
-- Dumping data for table `Failed_T`
--

INSERT INTO `Failed_T` (`id`, `ResultCode`, `ResultDesc`, `Date`) VALUES
(1, 2001, '[MpesaCB - ]The initiator information is invalid.', '2019-01-28 05:30:46'),
(9, 0, 'successful', '2019-02-14 13:08:24'),
(10, 0, 'successful', '2019-02-14 13:18:25'),
(11, 1, 'successful', '2019-02-14 13:21:41'),
(12, 1, 'Insufficient funds', '2019-02-16 13:08:20'),
(13, 103, 'unsuccessful user details', '2019-02-16 13:23:33'),
(14, 1, '[MpesaCB - ]The balance is insufficient for the transaction.', '2019-02-16 17:30:55'),
(15, 1, '[MpesaCB - ]The balance is insufficient for the transaction.', '2019-02-16 18:10:55'),
(16, 1, '[MpesaCB - ]The balance is insufficient for the transaction.', '2019-02-16 18:11:54'),
(17, 1, '[MpesaCB - ]The balance is insufficient for the transaction.', '2019-02-16 18:12:57'),
(18, 1, '[MpesaCB - ]The balance is insufficient for the transaction.', '2019-02-18 08:18:34'),
(19, 1032, '[STK_CB - ]Request cancelled by user', '2019-02-18 08:20:11'),
(20, 1, '[MpesaCB - ]The balance is insufficient for the transaction.', '2019-02-18 08:25:05'),
(21, 1, '[MpesaCB - ]The balance is insufficient for the transaction.', '2019-02-18 08:34:13'),
(22, 1036, '[STK_CB - ]SMSC ACK timeout.', '2019-02-18 08:45:11'),
(23, 1032, '[STK_CB - ]Request cancelled by user', '2019-02-18 08:47:02'),
(24, 1032, '[STK_CB - ]Request cancelled by user', '2019-02-18 08:52:01'),
(25, 1032, '[STK_CB - ]Request cancelled by user', '2019-02-18 08:54:16'),
(26, 1032, '[STK_CB - ]Request cancelled by user', '2019-02-28 20:02:48'),
(27, 1032, '[STK_CB - ]Request cancelled by user', '2019-02-28 20:07:16'),
(28, 1001, '[STK_CB - ]Unable to lock subscriber, a transaction is already in process for the current subscriber', '2019-02-28 20:09:47'),
(29, 1036, '[STK_CB - ]SMSC ACK timeout.', '2019-02-28 20:10:23'),
(30, 1032, '[STK_CB - ]Request cancelled by user', '2019-02-28 20:11:09'),
(31, 1032, '[STK_CB - ]Request cancelled by user', '2019-02-28 20:12:34'),
(32, 1032, '[STK_CB - ]Request cancelled by user', '2019-02-28 20:14:10'),
(33, 1032, '[STK_CB - ]Request cancelled by user', '2019-02-28 20:19:52'),
(34, 1032, '[STK_CB - ]Request cancelled by user', '2019-02-28 20:23:51'),
(35, 1032, '[STK_CB - ]Request cancelled by user', '2019-03-01 08:31:38'),
(36, 1032, '[STK_CB - ]Request cancelled by user', '2019-03-01 08:37:09'),
(37, 1032, '[STK_CB - ]Request cancelled by user', '2019-03-01 08:46:20'),
(38, 1032, '[STK_CB - ]Request cancelled by user', '2019-03-01 09:26:17'),
(39, 1032, '[STK_CB - ]Request cancelled by user', '2019-03-01 09:27:26'),
(40, 1032, '[STK_CB - ]Request cancelled by user', '2019-03-01 09:29:49'),
(41, 1032, '[STK_CB - ]Request cancelled by user', '2019-03-01 09:31:12'),
(42, 1032, '[STK_CB - ]Request cancelled by user', '2019-03-01 09:36:09'),
(43, 1032, '[STK_CB - ]Request cancelled by user', '2019-03-01 09:37:41'),
(44, 1032, '[STK_CB - ]Request cancelled by user', '2019-03-15 10:35:19'),
(45, 1032, '[STK_CB - ]Request cancelled by user', '2019-03-22 14:05:12'),
(46, 1032, '[STK_CB - ]Request cancelled by user', '2019-03-22 14:06:53'),
(47, 1032, '[STK_CB - ]Request cancelled by user', '2019-03-22 14:08:56'),
(48, 1032, '[STK_CB - ]Request cancelled by user', '2019-04-11 13:14:07'),
(49, 1032, '[STK_CB - ]Request cancelled by user', '2019-05-11 14:39:02');

-- --------------------------------------------------------

--
-- Table structure for table `history`
--

CREATE TABLE `history` (
  `mpesaCode` varchar(10) NOT NULL,
  `amount` int(5) NOT NULL,
  `sender` varchar(10) NOT NULL,
  `SENDERNAME` varchar(50) NOT NULL,
  `seen` tinyint(1) NOT NULL,
  `date` datetime NOT NULL
) ENGINE=InnoDB DEFAULT CHARSET=latin1;

--
-- Dumping data for table `history`
--

INSERT INTO `history` (`mpesaCode`, `amount`, `sender`, `SENDERNAME`, `seen`, `date`) VALUES
('MPESA001', 1000, '0799012907', 'KIPRONO DENIS', 0, '2018-11-26 19:53:42'),
('MPESA002', 2000, '0799012907', 'CHARLO KOSGEY', 0, '2018-11-01 00:00:00');

-- --------------------------------------------------------

--
-- Table structure for table `LipaMpesa`
--

CREATE TABLE `LipaMpesa` (
  `mpesaCode` varchar(10) NOT NULL,
  `amount` int(5) NOT NULL,
  `sender` varchar(10) NOT NULL,
  `SENDERNAME` varchar(255) NOT NULL,
  `seen` tinyint(1) NOT NULL DEFAULT '0',
  `date` datetime NOT NULL DEFAULT CURRENT_TIMESTAMP
) ENGINE=InnoDB DEFAULT CHARSET=latin1;

--
-- Dumping data for table `LipaMpesa`
--

INSERT INTO `LipaMpesa` (`mpesaCode`, `amount`, `sender`, `SENDERNAME`, `seen`, `date`) VALUES
('MPESA001', 1000, '0799012907', 'KIPRONO DENIS', 1, '2018-11-26 19:53:42'),
('MPESA002', 4000, '0799012907', 'CHARLO KOSGEY', 0, '2018-11-01 00:00:00'),
('MPESA003', 4000, '0701907012', 'Harron glon', 0, '2018-11-01 00:00:00'),
('MPESA004', 4000, '0789901012', 'Alexander Bell', 0, '2018-11-02 00:00:00'),
('MPESA005', 3000, '0799012907', 'Glayo kyeke', 0, '2018-11-26 19:53:42');

--
-- Triggers `LipaMpesa`
--
DELIMITER $$
CREATE TRIGGER `history` AFTER UPDATE ON `LipaMpesa` FOR EACH ROW BEGIN
 INSERT INTO history VALUES(OLD.mpesaCode,OLD.amount,OLD.sender,OLD.SENDERNAME,OLD.seen,OLD.date);
 
 END
$$
DELIMITER ;

-- --------------------------------------------------------

--
-- Stand-in structure for view `mtrans`
-- (See below for the actual view)
--
CREATE TABLE `mtrans` (
`mpesaCode` varchar(10)
,`amount` int(5)
,`date` datetime
);

-- --------------------------------------------------------

--
-- Table structure for table `orders`
--

CREATE TABLE `orders` (
  `id` int(10) NOT NULL,
  `customer_id` int(10) NOT NULL,
  `product_name` varchar(255) NOT NULL,
  `quantity` varchar(255) NOT NULL,
  `price` int(10) NOT NULL,
  `Date` timestamp NOT NULL DEFAULT CURRENT_TIMESTAMP
) ENGINE=InnoDB DEFAULT CHARSET=latin1;

--
-- Dumping data for table `orders`
--

INSERT INTO `orders` (`id`, `customer_id`, `product_name`, `quantity`, `price`, `Date`) VALUES
(1, 1, 'mmmm', '1', 10, '2019-02-02 08:41:00'),
(2, 1, 'Kiprono Denis', '11', 1100, '2019-02-02 08:43:38'),
(3, 10, 'Kiprono Denis', '1', 100, '2019-02-02 09:18:10'),
(4, 15, 'Kiprono Denis', '1', 100, '2019-02-04 07:04:33'),
(5, 16, 'Kiprono Denis', '1', 100, '2019-02-04 07:04:45'),
(6, 17, 'Kiprono Denis', '1', 100, '2019-02-04 07:04:50'),
(7, 21, 'Kiprono Denis', '1', 100, '2019-02-04 07:09:37'),
(8, 22, 'Kiprono Denis', '1', 100, '2019-02-04 07:09:39'),
(9, 23, 'Kiprono Denis', '9', 900, '2019-02-04 07:10:17'),
(12, 25, 'Coffee', '9', 1800, '2019-02-04 08:11:04'),
(13, 26, 'Chapo', '1', 20, '2019-02-04 13:38:55'),
(14, 27, 'Chapo', '1', 20, '2019-02-04 13:47:27'),
(15, 27, 'Fanta', '1', 35, '2019-02-04 13:47:37'),
(16, 27, 'Milk', '1', 40, '2019-02-04 13:47:41'),
(17, 28, 'Chapo', '1', 20, '2019-02-04 13:51:16'),
(18, 28, 'Ugali', '1', 5, '2019-02-04 13:51:19'),
(19, 28, 'Coffee', '1', 5, '2019-02-04 13:51:23'),
(20, 29, 'Chapo', '1', 20, '2019-02-04 13:57:24'),
(21, 29, 'TEA', '1', 15, '2019-02-04 13:57:27'),
(22, 30, 'Chapo', '1', 20, '2019-02-04 14:03:40'),
(23, 31, 'Chapo', '1', 20, '2019-02-04 14:03:52'),
(24, 31, 'Novida', '1', 40, '2019-02-04 14:03:54'),
(25, 32, 'Chapo', '1', 20, '2019-02-04 14:04:16'),
(26, 33, 'Chapo', '1', 20, '2019-02-04 14:05:57'),
(27, 34, 'Chapo', '1', 20, '2019-02-04 14:06:21'),
(28, 35, 'Chapo', '1', 20, '2019-02-04 14:07:57'),
(29, 35, 'Fanta', '1', 35, '2019-02-04 14:08:01'),
(30, 35, 'Ugali', '1', 5, '2019-02-04 14:08:05'),
(31, 35, 'Novida', '1', 40, '2019-02-04 14:08:09'),
(32, 35, 'Milk', '1', 40, '2019-02-04 14:08:13'),
(33, 36, 'ugali', '3', 1800, '2019-02-04 18:58:27'),
(34, 37, 'Chapo', '10', 200, '2019-02-04 18:59:43'),
(35, 37, 'RICE', '1', 10, '2019-02-04 18:59:46'),
(36, 38, 'Chapo', '6', 120, '2019-02-04 19:01:40'),
(37, 39, 'Chapo', '2', 40, '2019-02-04 19:15:53'),
(38, 40, 'Chapo', '4', 80, '2019-02-04 19:20:23'),
(39, 40, 'Pepsi', '2', 70, '2019-02-04 19:20:35'),
(40, 41, 'Chapo', '1', 20, '2019-02-04 19:26:14'),
(41, 42, 'Chapo', '1', 20, '2019-02-04 19:26:35'),
(42, 43, 'Chapo', '1', 20, '2019-02-04 19:28:40'),
(43, 44, 'Chapo', '1', 20, '2019-02-04 19:30:36'),
(44, 45, 'Chapo', '3', 60, '2019-02-04 19:32:27'),
(45, 45, 'TEA', '1', 15, '2019-02-04 19:33:02'),
(46, 45, 'BONE SOUP', '1', 15, '2019-02-04 19:33:05'),
(47, 45, 'OCOCOA', '1', 30, '2019-02-04 19:33:21'),
(48, 45, 'OCHOCOLATE', '1', 35, '2019-02-04 19:33:26'),
(49, 46, 'Chapo', '1', 20, '2019-02-05 06:37:18'),
(50, 47, 'Chapo', '1', 20, '2019-02-05 06:38:26'),
(51, 48, 'Chapo', '1', 20, '2019-02-05 06:39:40'),
(52, 49, 'Chapo', '1', 20, '2019-02-05 06:47:57'),
(53, 49, 'Pepsi', '1', 35, '2019-02-05 06:48:06'),
(54, 50, 'Chapo', '1', 20, '2019-02-05 06:51:05'),
(55, 51, 'Chapo', '1', 20, '2019-02-05 06:52:47'),
(56, 52, 'Chapo', '1', 20, '2019-02-05 06:54:38'),
(57, 53, 'Chapo', '1', 20, '2019-02-05 06:56:39'),
(58, 54, 'Chapo', '1', 20, '2019-02-05 07:00:15'),
(59, 55, 'Chapo', '1', 20, '2019-02-05 07:01:50'),
(60, 56, 'Chapo', '1', 20, '2019-02-05 07:02:24'),
(61, 57, 'Chapo', '1', 20, '2019-02-05 07:04:59'),
(62, 58, 'Chapo', '2', 40, '2019-02-05 07:10:31'),
(63, 59, 'Chapo', '5', 100, '2019-02-05 07:12:02'),
(64, 59, 'RICE', '9', 90, '2019-02-05 07:12:10'),
(65, 59, 'COCA', '3', 105, '2019-02-05 07:12:24'),
(66, 60, 'Chapo', '1', 20, '2019-02-05 07:54:21'),
(67, 61, 'Chapo', '1', 20, '2019-02-05 07:55:24'),
(68, 62, 'Chapo', '1', 20, '2019-02-05 07:56:32'),
(69, 63, 'Chapo', '1', 20, '2019-02-05 07:56:59'),
(70, 64, 'Chapo', '1', 20, '2019-02-05 07:58:09'),
(71, 65, 'Chapo', '2', 40, '2019-02-05 07:59:28'),
(72, 66, 'Chapo', '1', 20, '2019-02-05 08:00:57'),
(73, 67, 'Chapo', '1', 20, '2019-02-05 08:03:20'),
(74, 68, 'Chapo', '1', 20, '2019-02-05 08:05:31'),
(75, 69, 'Chapo', '0', 0, '2019-02-05 08:05:59'),
(76, 70, 'Chapo', '2', 40, '2019-02-05 08:07:30'),
(77, 71, 'Chapo', '1', 20, '2019-02-05 08:08:12'),
(78, 72, 'Chapo', '1', 20, '2019-02-05 08:09:50'),
(79, 73, 'Chapo', '1', 20, '2019-02-05 08:19:10'),
(80, 74, 'Chapo', '1', 20, '2019-02-05 08:20:33'),
(81, 75, 'Chapo', '1', 20, '2019-02-05 08:21:23'),
(83, 76, 'Chapo', '2', 40, '2019-02-05 08:25:39'),
(85, 77, 'Chapo', '1', 20, '2019-02-05 08:40:45'),
(87, 77, 'COCOA', '1', 30, '2019-02-05 08:40:55'),
(88, 77, 'KREST', '1', 30, '2019-02-05 08:40:58'),
(89, 77, 'Fanta', '1', 35, '2019-02-05 08:41:11'),
(90, 78, 'Chapo', '1', 20, '2019-02-05 09:16:28'),
(91, 79, 'Chapo', '1', 20, '2019-02-05 09:19:04'),
(92, 80, 'Chapo', '1', 20, '2019-02-05 09:19:45'),
(93, 80, 'Pepsi', '1', 35, '2019-02-05 09:19:55'),
(97, 81, 'Ugali', '12', 60, '2019-02-05 09:20:35'),
(98, 81, 'Novida', '11', 55, '2019-02-05 09:20:37'),
(99, 81, 'GITHERI', '3', 15, '2019-02-05 09:20:40'),
(102, 82, 'Chapo', '2', 40, '2019-02-05 10:39:23'),
(103, 83, 'Chapo', '2', 40, '2019-02-05 10:40:10'),
(104, 83, 'Pepsi', '1', 35, '2019-02-05 10:40:17'),
(105, 84, 'Chapo', '1', 20, '2019-02-05 10:40:36'),
(106, 84, 'Pepsi', '1', 35, '2019-02-05 10:40:39'),
(107, 84, 'Novida', '1', 40, '2019-02-05 10:40:42'),
(108, 85, 'Chapo', '1', 20, '2019-02-05 10:55:30'),
(109, 85, 'Ugali', '1', 5, '2019-02-05 10:55:33'),
(110, 86, 'Chapo', '5', 25, '2019-02-05 11:05:06'),
(111, 86, 'Ugali', '5', 50, '2019-02-05 11:05:08'),
(112, 86, 'RICE', '2', 20, '2019-02-05 11:05:24'),
(113, 87, 'Chapo', '3', 60, '2019-02-05 11:08:44'),
(114, 87, 'Ugali', '4', 20, '2019-02-05 11:08:46'),
(119, 90, 'Chapo', '4', 80, '2019-02-05 11:11:51'),
(121, 91, 'Chapo', '4', 80, '2019-02-05 11:14:20'),
(122, 91, 'Pepsi', '1', 35, '2019-02-05 11:14:22'),
(123, 92, 'Chapo', '2', 40, '2019-02-05 11:15:52'),
(124, 93, 'Chapo', '2', 0, '2019-02-05 11:17:39'),
(125, 94, 'Chapo', '1', 0, '2019-02-05 11:19:47'),
(127, 96, 'Chapo', '2', 40, '2019-02-05 11:22:55'),
(130, 97, 'Pepsi', '1', 35, '2019-02-05 11:24:34'),
(131, 97, 'Fanta', '1', 35, '2019-02-05 11:24:36'),
(132, 97, 'Milk', '1', 40, '2019-02-05 11:24:39'),
(133, 98, 'Bread', '1', 40, '2019-02-05 11:25:49'),
(134, 98, 'Milk', '1', 40, '2019-02-05 11:25:52'),
(135, 98, 'KREST', '1', 30, '2019-02-05 11:25:55'),
(136, 98, 'RICE', '1', 10, '2019-02-05 11:25:58'),
(137, 99, 'Chapo', '3', 60, '2019-02-05 11:49:40'),
(138, 99, 'Pepsi', '1', 35, '2019-02-05 11:50:49'),
(139, 100, 'Chapo', '2', 40, '2019-02-05 12:11:44'),
(140, 100, 'Ugali', '4', 20, '2019-02-05 12:11:57'),
(142, 101, 'Chapo', '1', 20, '2019-02-05 12:23:19'),
(143, 101, 'Ugali', '1', 5, '2019-02-05 12:23:27'),
(144, 102, 'Chapo', '1', 20, '2019-02-05 12:24:53'),
(145, 102, 'Fanta', '1', 35, '2019-02-05 12:24:56'),
(146, 103, 'Chapo', '1', 20, '2019-02-05 12:26:50'),
(147, 104, 'Chapo', '2', 40, '2019-02-05 12:27:27'),
(148, 104, 'Fanta', '1', 35, '2019-02-05 12:27:29'),
(149, 105, 'Chapo', '1', 20, '2019-02-05 12:28:41'),
(150, 105, 'Ugali', '1', 5, '2019-02-05 12:28:50'),
(151, 106, 'Chapo', '1', 20, '2019-02-05 12:29:25'),
(152, 107, 'Chapo', '1', 20, '2019-02-05 12:29:33'),
(153, 108, 'Chapo', '4', 80, '2019-02-05 12:30:49'),
(154, 108, 'Fanta', '1', 35, '2019-02-05 12:30:52'),
(155, 108, 'Ugali', '1', 5, '2019-02-05 12:30:55'),
(157, 109, 'Ugali', '2', 10, '2019-02-05 12:33:55'),
(165, 111, 'Chapo', '1', 20, '2019-02-05 12:40:58'),
(166, 111, 'Ugali', '1', 5, '2019-02-05 12:41:01'),
(167, 111, 'RICE', '1', 10, '2019-02-05 12:41:03'),
(168, 111, 'GITHERI', '1', 20, '2019-02-05 12:41:07'),
(169, 112, 'Chapo', '1', 20, '2019-02-05 12:41:50'),
(170, 112, 'Ugali', '1', 5, '2019-02-05 12:41:53'),
(171, 112, 'RICE', '1', 10, '2019-02-05 12:41:56'),
(172, 112, 'GITHERI', '1', 20, '2019-02-05 12:41:59'),
(173, 113, 'Chapo', '1', 20, '2019-02-05 12:45:22'),
(174, 114, 'Chapo', '1', 20, '2019-02-05 12:48:34'),
(175, 115, 'Chapo', '1', 20, '2019-02-05 12:51:22'),
(176, 116, 'Chapo', '1', 20, '2019-02-05 12:52:19'),
(180, 117, 'Chapo', '1', 20, '2019-02-05 12:53:39'),
(181, 117, 'Fanta', '1', 35, '2019-02-05 12:53:42'),
(182, 117, 'COCA', '1', 35, '2019-02-05 12:53:45'),
(183, 117, 'OCHOCOLATE', '1', 35, '2019-02-05 12:53:49'),
(184, 118, 'OCHOCOLATE', '1', 35, '2019-02-05 12:56:14'),
(185, 118, 'Ugali', '1', 5, '2019-02-05 12:56:18'),
(186, 118, 'GITHERI', '1', 20, '2019-02-05 12:56:21'),
(188, 119, 'GITHERI', '4', 80, '2019-02-05 12:58:12'),
(189, 119, 'COCA', '1', 35, '2019-02-05 12:58:15'),
(190, 119, 'OCOCOA', '1', 30, '2019-02-05 12:58:21'),
(191, 120, 'Chapo', '1', 20, '2019-02-05 13:02:22'),
(192, 121, 'Novida', '1', 40, '2019-02-05 13:02:36'),
(193, 121, 'CHOCOLATE', '1', 35, '2019-02-05 13:02:38'),
(194, 121, 'Meat', '1', 35, '2019-02-05 13:02:41'),
(195, 122, 'Chapo', '1', 20, '2019-02-05 13:03:47'),
(196, 123, 'Chapo', '1', 20, '2019-02-07 06:55:59'),
(197, 124, 'Chapo', '2', 40, '2019-02-07 07:06:49'),
(198, 125, 'Chapo', '1', 20, '2019-02-07 07:07:46'),
(199, 125, 'Ugali', '1', 5, '2019-02-07 07:07:50'),
(200, 126, 'Chapo', '1', 20, '2019-02-07 07:09:50'),
(205, 127, 'BONE SOUP', '1', 15, '2019-02-07 07:10:40'),
(206, 128, 'Chapo', '1', 20, '2019-02-07 07:12:16'),
(207, 129, 'Chapo', '1', 20, '2019-02-07 07:13:12'),
(208, 129, 'TEA', '1', 15, '2019-02-07 07:13:16'),
(209, 129, 'BONE SOUP', '1', 15, '2019-02-07 07:13:18'),
(210, 129, 'OCOCOA', '1', 30, '2019-02-07 07:13:21'),
(211, 129, 'CHOCOLATE', '1', 35, '2019-02-07 07:13:24'),
(212, 130, 'Chapo', '1', 20, '2019-02-07 07:16:43'),
(213, 131, 'Chapo', '1', 20, '2019-02-07 07:22:13'),
(214, 132, 'Chapo', '2', 40, '2019-02-07 07:25:52'),
(215, 133, 'Chapo', '4', 80, '2019-02-07 07:26:27'),
(220, 135, 'Bread', '1', 40, '2019-02-07 07:30:40'),
(221, 135, 'KREST', '1', 30, '2019-02-07 07:30:43'),
(222, 135, 'Meat', '1', 35, '2019-02-07 07:30:46'),
(226, 136, 'Bread', '6', 240, '2019-02-07 07:32:01'),
(229, 137, 'Chapo', '1', 20, '2019-02-07 07:33:59'),
(234, 138, 'Chapo', '1', 20, '2019-02-07 07:49:03'),
(235, 138, 'Bread', '1', 40, '2019-02-07 07:49:05'),
(236, 139, 'Chapo', '1', 20, '2019-02-07 08:01:24'),
(237, 139, 'Ugali', '1', 5, '2019-02-07 08:01:30'),
(238, 139, 'Novida', '1', 40, '2019-02-07 08:01:34'),
(239, 140, 'Chapo', '1', 20, '2019-02-07 08:05:04'),
(241, 141, 'Pepsi', '2', 70, '2019-02-07 09:13:30'),
(243, 141, 'Chapo', '1', 20, '2019-02-07 09:15:03'),
(244, 142, 'Chapo', '1', 20, '2019-02-07 09:17:41'),
(245, 143, 'Chapo', '1', 20, '2019-02-07 09:18:10'),
(246, 144, 'Chapo', '1', 20, '2019-02-07 09:18:46'),
(247, 145, 'Chapo', '1', 20, '2019-02-07 09:19:54'),
(248, 146, 'Chapo', '1', 20, '2019-02-07 09:21:06'),
(249, 147, 'Chapo', '1', 20, '2019-02-07 09:23:54'),
(250, 148, 'Chapo', '1', 20, '2019-02-07 09:32:59'),
(251, 148, 'Ugali', '1', 5, '2019-02-07 09:33:01'),
(252, 149, 'Chapo', '1', 20, '2019-02-07 09:36:43'),
(253, 151, 'TEA', '1', 15, '2019-02-07 11:25:24'),
(254, 151, 'OCoffee', '1', 5, '2019-02-07 11:25:27'),
(255, 151, 'GITHERI', '1', 20, '2019-02-07 11:25:33'),
(256, 152, 'Chapo', '1', 20, '2019-02-07 13:25:04'),
(257, 152, 'TEA', '1', 15, '2019-02-07 13:25:07'),
(258, 153, 'Chapo', '1', 20, '2019-02-07 13:25:43'),
(259, 153, 'Pepsi', '1', 35, '2019-02-07 13:25:45'),
(260, 153, 'Milk', '1', 40, '2019-02-07 13:25:47'),
(261, 153, 'COCA', '1', 35, '2019-02-07 13:25:49'),
(262, 154, 'Chapo', '1', 20, '2019-02-12 11:44:15'),
(263, 155, 'Chapo', '2', 40, '2019-02-12 11:54:12'),
(264, 156, 'Chapo', '1', 20, '2019-02-12 14:32:24'),
(265, 157, 'Chapo', '1', 20, '2019-02-12 14:32:37'),
(266, 158, 'Chapo', '1', 20, '2019-02-14 07:52:07'),
(269, 159, 'TEA', '1', 15, '2019-02-14 09:00:23'),
(270, 159, 'BONE SOUP', '4', 60, '2019-02-14 09:00:25'),
(273, 160, 'Pepsi', '2', 70, '2019-02-14 09:02:22'),
(274, 160, 'Bread', '3', 120, '2019-02-14 09:02:25'),
(275, 161, 'Chapo', '1', 20, '2019-02-14 09:11:35'),
(276, 161, 'Ugali', '1', 5, '2019-02-14 09:11:39'),
(277, 161, 'OCOCOA', '1', 30, '2019-02-14 09:11:45'),
(278, 162, 'Chapo', '1', 20, '2019-02-14 09:14:03'),
(279, 162, 'Pepsi', '1', 35, '2019-02-14 09:14:06'),
(280, 162, 'Coffee', '1', 5, '2019-02-14 09:14:10'),
(281, 162, 'KREST', '1', 30, '2019-02-14 09:14:15'),
(282, 163, 'Chapo', '1', 20, '2019-02-14 09:15:19'),
(283, 163, 'Pepsi', '1', 35, '2019-02-14 09:15:23'),
(284, 164, 'Chapo', '1', 20, '2019-02-14 09:15:46'),
(285, 165, 'Chapo', '1', 20, '2019-02-14 09:18:30'),
(286, 166, 'Chapo', '1', 20, '2019-02-14 09:20:52'),
(288, 168, 'Chapo', '1', 20, '2019-02-14 09:23:55'),
(289, 168, 'Fanta', '1', 35, '2019-02-14 09:23:59'),
(294, 169, 'Bread', '2', 80, '2019-02-14 09:25:43'),
(296, 170, 'Chapo', '1', 20, '2019-02-14 09:29:06'),
(298, 171, 'Milk', '1', 40, '2019-02-14 09:34:05'),
(299, 172, 'Chapo', '1', 20, '2019-02-14 09:49:21'),
(300, 172, 'Novida', '1', 40, '2019-02-14 09:49:24'),
(301, 172, 'Coffee', '1', 5, '2019-02-14 09:49:26'),
(302, 173, 'Chapo', '1', 20, '2019-02-14 09:50:07'),
(303, 173, 'Fanta', '1', 35, '2019-02-14 09:50:09'),
(304, 174, 'Chapo', '1', 20, '2019-02-14 09:50:58'),
(305, 174, 'Fanta', '1', 35, '2019-02-14 09:51:00'),
(306, 174, 'OCOCOA', '1', 30, '2019-02-14 09:51:02'),
(307, 175, 'Chapo', '1', 20, '2019-02-14 09:52:25'),
(308, 175, 'Ugali', '1', 5, '2019-02-14 09:52:26'),
(310, 176, 'Pepsi', '1', 35, '2019-02-14 09:54:00'),
(311, 177, 'Chapo', '1', 20, '2019-02-14 09:55:17'),
(312, 177, 'Coffee', '1', 5, '2019-02-14 09:55:19'),
(313, 178, 'Chapo', '1', 20, '2019-02-14 09:55:51'),
(314, 178, 'Ugali', '1', 5, '2019-02-14 09:55:53'),
(315, 179, 'Chapo', '1', 20, '2019-02-14 12:16:13'),
(316, 179, 'Pepsi', '1', 35, '2019-02-14 12:16:21'),
(317, 179, 'Bread', '1', 40, '2019-02-14 12:16:42'),
(318, 180, 'Chapo', '1', 20, '2019-02-14 12:25:11'),
(319, 180, 'Pepsi', '1', 35, '2019-02-14 12:25:13'),
(320, 180, 'OCoffee', '1', 5, '2019-02-14 12:25:16'),
(321, 181, 'Chapo', '1', 20, '2019-02-14 12:26:17'),
(322, 182, 'Chapo', '1', 20, '2019-02-14 12:27:40'),
(323, 183, 'Chapo', '1', 20, '2019-02-14 12:28:32'),
(324, 184, 'Chapo', '1', 20, '2019-02-14 12:29:30'),
(325, 185, 'Chapo', '1', 20, '2019-02-14 12:29:59'),
(326, 186, 'Chapo', '1', 20, '2019-02-14 12:34:33'),
(327, 187, 'Chapo', '1', 20, '2019-02-14 12:35:04'),
(328, 188, 'Chapo', '1', 20, '2019-02-14 12:35:24'),
(329, 189, 'Chapo', '1', 20, '2019-02-14 12:43:22'),
(330, 190, 'Chapo', '1', 20, '2019-02-14 12:44:59'),
(331, 191, 'Chapo', '1', 20, '2019-02-14 12:49:49'),
(332, 191, 'TEA', '1', 15, '2019-02-14 12:49:52'),
(334, 192, 'Chapo', '1', 20, '2019-02-14 12:52:34'),
(335, 192, 'Fanta', '1', 35, '2019-02-14 12:52:36'),
(336, 193, 'Chapo', '1', 20, '2019-02-14 12:54:09'),
(337, 195, 'Chapo', '1', 20, '2019-02-14 12:57:38'),
(338, 195, 'Ugali', '1', 5, '2019-02-14 12:57:40'),
(339, 196, 'Chapo', '1', 20, '2019-02-14 12:59:38'),
(340, 196, 'Ugali', '1', 5, '2019-02-14 12:59:40'),
(341, 197, 'Chapo', '1', 20, '2019-02-14 13:00:36'),
(342, 198, 'Chapo', '1', 20, '2019-02-14 13:02:32'),
(343, 199, 'Chapo', '1', 20, '2019-02-14 13:04:16'),
(344, 200, 'Chapo', '1', 20, '2019-02-14 13:04:56'),
(345, 200, 'Ugali', '1', 5, '2019-02-14 13:04:58'),
(346, 201, 'Chapo', '1', 20, '2019-02-14 13:05:29'),
(347, 202, 'Chapo', '1', 20, '2019-02-14 13:06:18'),
(348, 203, 'Chapo', '1', 20, '2019-02-14 13:08:40'),
(349, 203, 'RICE', '1', 10, '2019-02-14 13:08:45'),
(350, 203, 'Novida', '1', 40, '2019-02-14 13:09:04'),
(351, 204, 'Ugali', '1', 5, '2019-02-14 13:10:15'),
(352, 205, 'Chapo', '1', 20, '2019-02-14 13:12:26'),
(353, 206, 'Ugali', '2', 10, '2019-02-14 13:12:44'),
(354, 207, 'Chapo', '2', 40, '2019-02-14 13:15:02'),
(355, 208, 'Chapo', '1', 20, '2019-02-14 13:19:38'),
(356, 209, 'Chapo', '1', 20, '2019-02-14 13:21:58'),
(357, 210, 'Chapo', '2', 40, '2019-02-14 13:22:31'),
(358, 211, 'Chapo', '1', 20, '2019-02-14 13:31:14'),
(359, 212, 'Chapo', '1', 20, '2019-02-14 13:32:19'),
(360, 213, 'Chapo', '1', 20, '2019-02-14 17:37:36'),
(361, 214, 'Chapo', '1', 20, '2019-02-14 17:38:34'),
(362, 214, 'Coffee', '1', 5, '2019-02-14 17:38:37'),
(363, 215, 'Chapo', '1', 20, '2019-02-14 17:41:50'),
(364, 216, 'Chapo', '1', 20, '2019-02-14 17:42:50'),
(365, 217, 'Chapo', '1', 20, '2019-02-14 17:43:20'),
(366, 218, 'Ugali', '1', 5, '2019-02-14 17:44:02'),
(367, 219, 'Chapo', '1', 20, '2019-02-14 17:46:45'),
(368, 220, 'Chapo', '1', 20, '2019-02-14 17:48:18'),
(369, 220, 'Ugali', '1', 5, '2019-02-14 17:48:22'),
(370, 221, 'Chapo', '1', 20, '2019-02-14 17:49:12'),
(371, 222, 'Chapo', '1', 20, '2019-02-14 17:50:15'),
(372, 223, 'Chapo', '1', 20, '2019-02-14 17:51:17'),
(373, 224, 'Chapo', '1', 20, '2019-02-14 17:53:49'),
(374, 225, 'Chapo', '1', 20, '2019-02-14 17:59:21'),
(375, 226, 'Chapo', '1', 20, '2019-02-14 18:00:15'),
(376, 227, 'Chapo', '1', 20, '2019-02-14 18:02:10'),
(377, 228, 'Chapo', '1', 20, '2019-02-15 06:38:50'),
(378, 229, 'Chapo', '1', 20, '2019-02-15 06:42:44'),
(379, 230, 'Chapo', '1', 20, '2019-02-15 06:44:15'),
(380, 231, 'Chapo', '1', 20, '2019-02-15 06:45:48'),
(381, 231, 'Ugali', '1', 5, '2019-02-15 06:45:49'),
(382, 232, 'Chapo', '4', 80, '2019-02-15 07:23:02'),
(383, 232, 'Ugali', '3', 15, '2019-02-15 07:23:04'),
(384, 233, 'Chapo', '3', 60, '2019-02-15 07:24:37'),
(385, 234, 'Chapo', '1', 20, '2019-02-15 07:26:02'),
(386, 234, 'Pepsi', '1', 35, '2019-02-15 07:26:03'),
(387, 235, 'Chapo', '1', 20, '2019-02-15 07:27:11'),
(388, 235, 'Pepsi', '1', 35, '2019-02-15 07:27:12'),
(389, 236, 'Ugali', '1', 5, '2019-02-15 07:27:48'),
(390, 237, 'Chapo', '1', 20, '2019-02-15 07:27:55'),
(391, 238, 'Chapo', '1', 20, '2019-02-15 07:29:37'),
(392, 239, 'Chapo', '1', 20, '2019-02-15 07:30:58'),
(393, 240, 'Chapo', '1', 20, '2019-02-15 07:32:53'),
(394, 240, 'Fanta', '1', 35, '2019-02-15 07:32:54'),
(395, 241, 'Chapo', '1', 20, '2019-02-15 07:34:22'),
(396, 241, 'Fanta', '1', 35, '2019-02-15 07:34:23'),
(397, 242, 'Chapo', '1', 20, '2019-02-15 07:40:40'),
(398, 242, 'Ugali', '1', 5, '2019-02-15 07:40:41'),
(399, 243, 'Chapo', '1', 20, '2019-02-15 07:42:02'),
(400, 243, 'Fanta', '1', 35, '2019-02-15 07:42:02'),
(401, 244, 'Chapo', '1', 20, '2019-02-15 07:44:37'),
(402, 244, 'Ugali', '1', 5, '2019-02-15 07:44:38'),
(403, 245, 'Pepsi', '1', 35, '2019-02-15 07:45:09'),
(404, 245, 'Coffee', '1', 5, '2019-02-15 07:45:10'),
(405, 246, 'Chapo', '4', 80, '2019-02-15 07:46:13'),
(406, 247, 'Chapo', '1', 20, '2019-02-15 07:47:09'),
(407, 247, 'Pepsi', '1', 35, '2019-02-15 07:47:10'),
(408, 248, 'Chapo', '1', 20, '2019-02-15 07:50:33'),
(409, 249, 'Chapo', '1', 20, '2019-02-15 09:03:50'),
(410, 249, 'Ugali', '1', 5, '2019-02-15 09:03:51'),
(411, 250, 'Chapo', '1', 20, '2019-02-15 09:05:02'),
(412, 250, 'Ugali', '1', 5, '2019-02-15 09:05:04'),
(413, 251, 'Chapo', '1', 20, '2019-02-15 09:05:52'),
(414, 251, 'Pepsi', '1', 35, '2019-02-15 09:05:54'),
(415, 252, 'Chapo', '1', 20, '2019-02-15 09:07:27'),
(416, 252, 'Ugali', '1', 5, '2019-02-15 09:07:28'),
(417, 253, 'Chapo', '1', 20, '2019-02-15 09:08:18'),
(418, 253, 'Ugali', '1', 5, '2019-02-15 09:08:20'),
(419, 254, 'Chapo', '1', 20, '2019-02-15 09:08:42'),
(420, 254, 'Ugali', '1', 5, '2019-02-15 09:08:43'),
(421, 255, 'COCA', '1', 35, '2019-02-15 12:15:06'),
(422, 255, 'Bread', '1', 40, '2019-02-15 12:15:09'),
(436, 261, 'Chapo', '1', 20, '2019-02-15 13:14:22'),
(437, 261, 'Pepsi', '1', 35, '2019-02-15 13:14:23'),
(438, 262, 'Chapo', '1', 20, '2019-02-15 13:15:36'),
(439, 262, 'Pepsi', '1', 35, '2019-02-15 13:15:37'),
(440, 263, 'Chapo', '1', 20, '2019-02-15 13:16:24'),
(441, 263, 'Ugali', '1', 5, '2019-02-15 13:16:25'),
(444, 265, 'Chapo', '1', 20, '2019-02-16 13:07:23'),
(445, 265, 'Ugali', '1', 5, '2019-02-16 13:07:23'),
(446, 266, 'Chapo', '1', 20, '2019-02-16 13:08:44'),
(447, 266, 'Pepsi', '1', 35, '2019-02-16 13:08:45'),
(448, 267, 'Chapo', '1', 20, '2019-02-16 13:13:49'),
(449, 267, 'Pepsi', '1', 35, '2019-02-16 13:13:51'),
(450, 268, 'Chapo', '1', 20, '2019-02-16 13:14:18'),
(451, 269, 'Chapo', '1', 20, '2019-02-16 13:15:27'),
(452, 269, 'Ugali', '1', 5, '2019-02-16 13:15:28'),
(453, 270, 'Chapo', '2', 40, '2019-02-16 13:18:04'),
(454, 271, 'Chapo', '1', 20, '2019-02-16 13:19:18'),
(455, 271, 'Ugali', '1', 5, '2019-02-16 13:19:18'),
(456, 272, 'Ugali', '2', 10, '2019-02-16 13:20:49'),
(457, 273, 'Chapo', '1', 20, '2019-02-16 13:22:04'),
(458, 273, 'Pepsi', '1', 35, '2019-02-16 13:22:06'),
(459, 274, 'Ugali', '1', 5, '2019-02-16 13:22:37'),
(460, 274, 'Fanta', '1', 35, '2019-02-16 13:22:38'),
(461, 275, 'Chapo', '1', 20, '2019-02-16 17:03:26'),
(462, 275, 'Ugali', '1', 5, '2019-02-16 17:03:28'),
(463, 275, 'Fanta', '1', 35, '2019-02-16 17:03:33'),
(464, 276, 'Chapo', '1', 20, '2019-02-16 17:07:52'),
(465, 276, 'Pepsi', '1', 35, '2019-02-16 17:07:54'),
(466, 277, 'Chapo', '1', 20, '2019-02-16 17:19:12'),
(467, 277, 'Pepsi', '1', 35, '2019-02-16 17:19:17'),
(503, 298, 'Chapo', '2', 40, '2019-02-18 13:34:14'),
(504, 299, 'Chapo', '2', 40, '2019-02-18 13:37:38'),
(505, 300, 'Chapo', '1', 20, '2019-02-18 13:39:34'),
(506, 301, 'Chapo', '1', 20, '2019-02-18 13:40:41'),
(507, 302, 'Chapo', '1', 20, '2019-02-20 07:41:46'),
(508, 303, 'Chapo', '1', 20, '2019-02-20 07:54:17'),
(509, 304, 'Ugali', '1', 5, '2019-02-20 07:55:00'),
(510, 305, 'Ugali', '1', 5, '2019-02-20 07:56:25'),
(511, 306, 'Ugali', '1', 5, '2019-02-20 07:59:59'),
(512, 307, 'Chapo', '2', 40, '2019-02-21 10:25:01'),
(513, 307, 'Novida', '2', 80, '2019-02-21 10:25:05'),
(514, 307, 'KREST', '1', 30, '2019-02-21 10:25:08'),
(515, 307, 'COCA', '1', 35, '2019-02-21 10:25:10'),
(516, 308, 'Chapo', '1', 20, '2019-02-21 10:25:28'),
(517, 309, 'Chapo', '1', 20, '2019-02-21 10:29:00'),
(518, 310, 'Ugali', '1', 5, '2019-02-21 10:52:39'),
(519, 311, 'Chapo', '1', 20, '2019-02-22 07:10:44'),
(520, 312, 'Chapo', '1', 20, '2019-02-22 07:13:06'),
(521, 312, 'Ugali', '1', 5, '2019-02-22 07:13:09'),
(522, 312, 'Meat', '1', 35, '2019-02-22 07:13:10'),
(523, 312, 'Fanta', '1', 35, '2019-02-22 07:13:12'),
(524, 312, 'COCOA', '1', 30, '2019-02-22 07:13:14'),
(525, 312, 'BONE SOUP', '1', 15, '2019-02-22 07:13:17'),
(526, 313, 'Chapo', '1', 20, '2019-02-22 07:14:53'),
(527, 314, 'Meat', '1', 35, '2019-02-22 08:07:10'),
(528, 315, 'Chapo', '4', 80, '2019-02-26 12:32:00'),
(529, 315, 'Ugali', '2', 10, '2019-02-26 12:32:02'),
(530, 315, 'Meat', '1', 35, '2019-02-26 12:32:19'),
(531, 316, 'Chapo', '1', 20, '2019-02-26 19:27:27'),
(532, 316, 'Ugali', '1', 5, '2019-02-26 19:27:29'),
(533, 317, 'Chapo', '3', 60, '2019-02-27 13:13:45'),
(534, 318, 'Chapo', '1', 20, '2019-02-28 19:59:04'),
(535, 318, 'Ugali', '1', 5, '2019-02-28 19:59:05'),
(536, 319, 'Ugali', '1', 5, '2019-02-28 20:02:20'),
(537, 320, 'Chapo', '1', 20, '2019-02-28 20:06:46'),
(538, 321, 'Ugali', '1', 5, '2019-02-28 20:08:09'),
(539, 322, 'Meat', '1', 35, '2019-02-28 20:09:36'),
(540, 323, 'Ugali', '1', 5, '2019-02-28 20:10:34'),
(541, 324, 'GITHERI', '1', 20, '2019-02-28 20:12:10'),
(542, 325, 'Meat', '1', 35, '2019-02-28 20:13:42'),
(543, 326, 'Ugali', '1', 5, '2019-02-28 20:15:25'),
(544, 327, 'Ugali', '1', 5, '2019-02-28 20:18:01'),
(545, 328, 'RICE', '1', 10, '2019-02-28 20:19:38'),
(548, 331, 'Ugali', '2', 10, '2019-02-28 20:23:22'),
(549, 332, 'Ugali', '1', 5, '2019-02-28 20:25:26'),
(550, 333, 'Ugali', '1', 5, '2019-02-28 20:26:55'),
(551, 334, 'Ugali', '1', 5, '2019-03-01 09:25:35'),
(552, 335, 'Ugali', '1', 5, '2019-03-01 09:26:55'),
(553, 335, 'Chapo', '1', 20, '2019-03-01 09:26:57'),
(554, 335, 'Meat', '1', 35, '2019-03-01 09:26:58'),
(555, 336, 'Chapo', '1', 20, '2019-03-01 09:29:18'),
(556, 337, 'Chapo', '1', 20, '2019-03-01 09:30:50'),
(557, 337, 'Ugali', '1', 5, '2019-03-01 09:30:53'),
(558, 338, 'Ugali', '1', 5, '2019-03-01 09:35:34'),
(559, 339, 'RICE', '1', 10, '2019-03-01 09:37:18'),
(560, 340, 'Ugali', '1', 5, '2019-03-14 11:47:19'),
(561, 340, 'RICE', '1', 10, '2019-03-14 11:47:22'),
(562, 340, 'Meat', '1', 35, '2019-03-14 11:47:23'),
(563, 341, 'Chapo', '1', 20, '2019-03-14 15:14:18'),
(564, 342, 'Chapo', '1', 20, '2019-03-15 10:32:39'),
(565, 342, 'Pepsi', '1', 35, '2019-03-15 10:32:41'),
(566, 343, 'Meat', '1', 35, '2019-03-15 10:34:24'),
(567, 343, 'Chapo', '1', 20, '2019-03-15 10:34:26'),
(568, 344, 'Chapo', '2', 40, '2019-03-15 10:45:44'),
(569, 344, 'Meat', '1', 35, '2019-03-15 10:45:53'),
(570, 345, 'Chapo', '2', 40, '2019-03-20 09:16:24'),
(571, 345, 'Ugali', '1', 5, '2019-03-20 09:16:27'),
(572, 346, 'Chapo', '2', 40, '2019-03-22 13:36:25'),
(573, 346, 'Ugali', '1', 5, '2019-03-22 13:36:27'),
(574, 346, 'Meat', '1', 35, '2019-03-22 13:36:31'),
(575, 347, 'Chapo', '1', 20, '2019-03-22 13:48:02'),
(576, 347, 'Ugali', '1', 5, '2019-03-22 13:48:03'),
(577, 348, 'Chapo', '1', 20, '2019-03-22 14:06:27'),
(578, 348, 'Ugali', '1', 5, '2019-03-22 14:06:28'),
(579, 349, 'Pepsi', '1', 35, '2019-03-22 14:07:11'),
(580, 349, 'COCA', '1', 35, '2019-03-22 14:07:13'),
(581, 349, 'CHOCOLATE', '1', 35, '2019-03-22 14:08:01'),
(582, 349, 'OCOCOA', '1', 30, '2019-03-22 14:08:05'),
(583, 350, 'Chapo', '3', 60, '2019-04-11 13:12:24'),
(584, 350, 'Meat', '1', 35, '2019-04-11 13:12:29'),
(585, 350, 'Fanta', '2', 70, '2019-04-11 13:12:42'),
(586, 351, 'Meat', '1', 35, '2019-04-25 08:56:40'),
(587, 351, 'Chapo', '2', 40, '2019-04-25 08:56:41'),
(588, 352, 'RICE', '3', 30, '2019-05-09 07:29:06'),
(589, 352, 'Ugali', '2', 10, '2019-05-09 07:29:17'),
(590, 353, 'Meat', '1', 35, '2019-05-11 14:27:49'),
(591, 353, 'Ugali', '1', 5, '2019-05-11 14:27:51'),
(592, 353, 'Chapo', '1', 20, '2019-05-11 14:36:18'),
(593, 354, 'Chapo', '1', 20, '2019-05-11 14:36:27'),
(594, 354, 'Ugali', '1', 5, '2019-05-11 14:36:29'),
(595, 355, 'Chapo', '1', 20, '2019-05-11 14:38:31'),
(596, 356, 'GITHERI', '1', 20, '2019-05-16 17:34:46'),
(597, 357, 'Novida', '1', 40, '2019-05-16 17:36:15');

-- --------------------------------------------------------

--
-- Table structure for table `Payment`
--

CREATE TABLE `Payment` (
  `id` int(10) NOT NULL,
  `MpesaReceiptNumber` varchar(15) NOT NULL,
  `TransactionDate` timestamp NOT NULL DEFAULT CURRENT_TIMESTAMP,
  `PhoneNumber` varchar(14) NOT NULL,
  `Amount` int(10) NOT NULL,
  `ResultCode` int(10) NOT NULL,
  `ResultDesc` varchar(255) NOT NULL
) ENGINE=InnoDB DEFAULT CHARSET=latin1;

--
-- Triggers `Payment`
--
DELIMITER $$
CREATE TRIGGER `movetrans` AFTER DELETE ON `Payment` FOR EACH ROW BEGIN

INSERT INTO Successful_T (MpesaReceiptNumber,TransactionDate,PhoneNumber,Amount,ResultCode,ResultDesc)
VALUES(OLD.MpesaReceiptNumber,OLD.TransactionDate,OLD.PhoneNumber,OLD.Amount,OLD.ResultCode,OLD.ResultDesc);
END
$$
DELIMITER ;

-- --------------------------------------------------------

--
-- Table structure for table `products`
--

CREATE TABLE `products` (
  `id` int(10) NOT NULL,
  `name` varchar(255) NOT NULL,
  `amount` int(5) NOT NULL,
  `category` varchar(255) NOT NULL,
  `created_at` timestamp NOT NULL DEFAULT CURRENT_TIMESTAMP
) ENGINE=InnoDB DEFAULT CHARSET=latin1;

--
-- Dumping data for table `products`
--

INSERT INTO `products` (`id`, `name`, `amount`, `category`, `created_at`) VALUES
(1, 'Chapo', 20, '1', '2019-01-28 13:17:36'),
(2, 'Ugali', 5, '1', '2019-01-28 13:17:36'),
(3, 'RICE', 10, '1', '2019-01-28 13:17:36'),
(4, 'GITHERI', 20, '1', '2019-01-28 13:17:36'),
(5, 'Meat', 35, '1', '2019-01-28 13:17:36'),
(6, 'Pepsi', 35, '2', '2019-01-28 13:20:06'),
(7, 'Fanta', 35, '2', '2019-01-28 13:20:06'),
(8, 'Novida', 40, '2', '2019-01-28 13:20:06'),
(9, 'KREST', 30, '2', '2019-01-28 13:20:06'),
(10, 'COCA', 35, '2', '2019-01-28 13:20:06'),
(11, 'TEA', 15, '3', '2019-01-28 13:24:09'),
(12, 'Coffee', 5, '3', '2019-01-28 13:24:09'),
(13, 'Milk', 40, '3', '2019-01-28 13:24:09'),
(14, 'COCOA', 30, '3', '2019-01-28 13:24:09'),
(15, 'CHOCOLATE', 35, '3', '2019-01-28 13:24:09'),
(16, 'BONE SOUP', 15, '4', '2019-01-28 13:26:33'),
(17, 'OCoffee', 5, '4', '2019-01-28 13:26:33'),
(18, 'Bread', 40, '4', '2019-01-28 13:26:33'),
(19, 'OCOCOA', 30, '4', '2019-01-28 13:26:33'),
(20, 'OCHOCOLATE', 35, '4', '2019-01-28 13:26:33'),
(22, 'Hot coffee', 30, '9', '2019-05-23 08:23:44');

-- --------------------------------------------------------

--
-- Table structure for table `Rejected`
--

CREATE TABLE `Rejected` (
  `id` int(11) NOT NULL,
  `ResultCode` varchar(255) NOT NULL,
  `ResultDesc` varchar(255) NOT NULL,
  `Date` timestamp NOT NULL DEFAULT CURRENT_TIMESTAMP
) ENGINE=InnoDB DEFAULT CHARSET=latin1;

--
-- Dumping data for table `Rejected`
--

INSERT INTO `Rejected` (`id`, `ResultCode`, `ResultDesc`, `Date`) VALUES
(2, '1032', '[STK_CB - ]Request cancelled by user', '2019-05-16 17:35:27');

--
-- Triggers `Rejected`
--
DELIMITER $$
CREATE TRIGGER `recordFailed` AFTER DELETE ON `Rejected` FOR EACH ROW BEGIN

INSERT INTO Failed_T (ResultCode,ResultDesc,Date) VALUES(OLD.ResultCode,OLD.ResultDesc,OLD.Date);

END
$$
DELIMITER ;

-- --------------------------------------------------------

--
-- Table structure for table `roles`
--

CREATE TABLE `roles` (
  `id` int(5) NOT NULL,
  `role` varchar(30) NOT NULL
) ENGINE=InnoDB DEFAULT CHARSET=latin1;

--
-- Dumping data for table `roles`
--

INSERT INTO `roles` (`id`, `role`) VALUES
(1, 'User'),
(2, 'Admin'),
(3, 'Manager');

-- --------------------------------------------------------

--
-- Table structure for table `Successful_T`
--

CREATE TABLE `Successful_T` (
  `id` int(10) UNSIGNED NOT NULL,
  `MpesaReceiptNumber` varchar(15) NOT NULL,
  `TransactionDate` datetime NOT NULL DEFAULT CURRENT_TIMESTAMP,
  `PhoneNumber` varchar(14) NOT NULL,
  `Amount` int(10) NOT NULL,
  `ResultCode` int(10) NOT NULL,
  `ResultDesc` varchar(255) NOT NULL
) ENGINE=InnoDB DEFAULT CHARSET=latin1;

--
-- Dumping data for table `Successful_T`
--

INSERT INTO `Successful_T` (`id`, `MpesaReceiptNumber`, `TransactionDate`, `PhoneNumber`, `Amount`, `ResultCode`, `ResultDesc`) VALUES
(1, '', '2019-01-29 22:34:25', '254711337437', 5, 0, 'The service request is processed successfully.'),
(2, 'wedgyhj', '2019-01-31 14:49:08', '254799012907', 100, 0, 'waah'),
(3, 'KSHSSGS', '2019-02-14 20:53:27', '0799012907', 100, 0, 'Successfult'),
(4, 'NBI0XHJTWU', '2019-02-18 11:35:11', '254790882416', 1, 0, 'The service request is processed successfully.'),
(5, 'NBS76VD5NJ', '2019-02-28 23:27:16', '254799012907', 5, 0, 'The service request is processed successfully.');

-- --------------------------------------------------------

--
-- Table structure for table `url_table`
--

CREATE TABLE `url_table` (
  `id` int(10) NOT NULL,
  `url` varchar(255) NOT NULL
) ENGINE=InnoDB DEFAULT CHARSET=latin1;

--
-- Dumping data for table `url_table`
--

INSERT INTO `url_table` (`id`, `url`) VALUES
(1, 'https://68644795.ngrok.io');

-- --------------------------------------------------------

--
-- Table structure for table `users`
--

CREATE TABLE `users` (
  `id` int(10) NOT NULL,
  `username` varchar(255) NOT NULL,
  `firstname` varchar(50) NOT NULL,
  `lastname` varchar(50) NOT NULL,
  `email` varchar(50) NOT NULL,
  `role` varchar(50) NOT NULL DEFAULT '1',
  `image` varchar(255) NOT NULL DEFAULT 'images/user.jpg',
  `password` varchar(255) NOT NULL,
  `created_at` timestamp NOT NULL DEFAULT CURRENT_TIMESTAMP
) ENGINE=InnoDB DEFAULT CHARSET=latin1;

--
-- Dumping data for table `users`
--

INSERT INTO `users` (`id`, `username`, `firstname`, `lastname`, `email`, `role`, `image`, `password`, `created_at`) VALUES
(60, 'kemei22', 'kiprono25', 'kemei 254', 'simonmwaura454@gmail.com', '3', 'images/IMG_20180920_102129.jpg', '123456', '2019-05-21 07:28:49'),
(57, 'kiprono', 'Denni', 'kips', 'simonmwaura454@gmail.com', '3', 'images/user.jpg', '1234', '2019-05-18 08:05:34'),
(58, 'manuel123', 'KIPRONO', 'Manuel', 'manuel@gmail.com', '2', 'images/IMG_20180920_102439.jpg', '1234', '2019-05-20 02:53:30');

-- --------------------------------------------------------

--
-- Table structure for table `user_logs`
--

CREATE TABLE `user_logs` (
  `id` int(10) NOT NULL,
  `user_id` int(10) NOT NULL,
  `login` datetime NOT NULL DEFAULT CURRENT_TIMESTAMP,
  `logout` datetime DEFAULT NULL
) ENGINE=InnoDB DEFAULT CHARSET=latin1;

--
-- Dumping data for table `user_logs`
--

INSERT INTO `user_logs` (`id`, `user_id`, `login`, `logout`) VALUES
(1, 1, '2019-02-27 16:55:29', '2019-05-16 20:36:56'),
(2, 1, '2019-02-28 07:53:05', '2019-05-16 20:36:56'),
(3, 1, '2019-02-28 07:56:13', '2019-05-16 20:36:56'),
(4, 1, '2019-02-28 22:58:50', '2019-05-16 20:36:56'),
(5, 1, '2019-03-01 12:17:04', '2019-05-16 20:36:56'),
(6, 1, '2019-03-14 14:47:04', '2019-05-16 20:36:56'),
(7, 1, '2019-03-14 18:08:31', '2019-05-16 20:36:56'),
(8, 1, '2019-03-15 13:32:27', '2019-05-16 20:36:56'),
(9, 1, '2019-03-20 12:15:54', '2019-05-16 20:36:56'),
(10, 1, '2019-03-22 13:20:28', '2019-05-16 20:36:56'),
(11, 1, '2019-03-22 16:36:02', '2019-05-16 20:36:56'),
(12, 1, '2019-04-11 16:10:23', '2019-05-16 20:36:56'),
(13, 1, '2019-04-25 10:59:48', '2019-05-16 20:36:56'),
(14, 1, '2019-04-25 11:56:20', '2019-05-16 20:36:56'),
(15, 1, '2019-05-09 10:27:13', '2019-05-16 20:36:56'),
(16, 1, '2019-05-09 10:27:31', '2019-05-16 20:36:56'),
(17, 1, '2019-05-11 17:27:39', '2019-05-16 20:36:56'),
(18, 1, '2019-05-15 09:15:00', '2019-05-16 20:36:56'),
(19, 1, '2019-05-16 20:34:29', '2019-05-16 20:36:56'),
(21, 4, '2019-05-18 12:53:16', '2019-05-21 12:09:15'),
(22, 4, '2019-05-21 11:55:06', '2019-05-21 12:09:15'),
(24, 57, '2019-05-21 12:57:29', '2019-05-22 09:33:11'),
(25, 57, '2019-05-21 13:14:56', '2019-05-22 09:33:11'),
(26, 57, '2019-05-21 13:16:26', '2019-05-22 09:33:11'),
(27, 57, '2019-05-21 13:22:17', '2019-05-22 09:33:11'),
(28, 57, '2019-05-21 13:24:16', '2019-05-22 09:33:11'),
(29, 57, '2019-05-22 07:17:52', '2019-05-22 09:33:11'),
(30, 57, '2019-05-22 07:24:30', '2019-05-22 09:33:11'),
(31, 57, '2019-05-22 09:23:53', '2019-05-22 09:33:11'),
(32, 57, '2019-05-22 09:27:25', '2019-05-22 09:33:11'),
(33, 57, '2019-05-22 09:33:16', NULL),
(34, 57, '2019-05-22 17:49:53', NULL),
(35, 57, '2019-05-22 17:58:51', NULL),
(36, 57, '2019-05-23 07:35:21', NULL),
(37, 57, '2019-05-23 08:06:06', NULL),
(38, 57, '2019-05-23 09:46:40', NULL),
(39, 57, '2019-05-23 10:26:05', NULL),
(40, 57, '2019-05-23 11:57:35', NULL);

-- --------------------------------------------------------

--
-- Structure for view `mtrans`
--
DROP TABLE IF EXISTS `mtrans`;

CREATE ALGORITHM=UNDEFINED DEFINER=`root1`@`localhost` SQL SECURITY DEFINER VIEW `mtrans`  AS  select `LipaMpesa`.`mpesaCode` AS `mpesaCode`,`LipaMpesa`.`amount` AS `amount`,`LipaMpesa`.`date` AS `date` from `LipaMpesa` ;

--
-- Indexes for dumped tables
--

--
-- Indexes for table `categories`
--
ALTER TABLE `categories`
  ADD PRIMARY KEY (`id`),
  ADD UNIQUE KEY `category_name` (`category_name`);

--
-- Indexes for table `customers`
--
ALTER TABLE `customers`
  ADD PRIMARY KEY (`id`);

--
-- Indexes for table `Failed_T`
--
ALTER TABLE `Failed_T`
  ADD PRIMARY KEY (`id`);

--
-- Indexes for table `history`
--
ALTER TABLE `history`
  ADD PRIMARY KEY (`mpesaCode`);

--
-- Indexes for table `LipaMpesa`
--
ALTER TABLE `LipaMpesa`
  ADD PRIMARY KEY (`mpesaCode`);

--
-- Indexes for table `orders`
--
ALTER TABLE `orders`
  ADD PRIMARY KEY (`id`);

--
-- Indexes for table `Payment`
--
ALTER TABLE `Payment`
  ADD PRIMARY KEY (`id`);

--
-- Indexes for table `products`
--
ALTER TABLE `products`
  ADD PRIMARY KEY (`id`);

--
-- Indexes for table `Rejected`
--
ALTER TABLE `Rejected`
  ADD PRIMARY KEY (`id`);

--
-- Indexes for table `roles`
--
ALTER TABLE `roles`
  ADD PRIMARY KEY (`id`);

--
-- Indexes for table `Successful_T`
--
ALTER TABLE `Successful_T`
  ADD PRIMARY KEY (`id`);

--
-- Indexes for table `users`
--
ALTER TABLE `users`
  ADD PRIMARY KEY (`username`),
  ADD UNIQUE KEY `id` (`id`);

--
-- Indexes for table `user_logs`
--
ALTER TABLE `user_logs`
  ADD PRIMARY KEY (`id`);

--
-- AUTO_INCREMENT for dumped tables
--

--
-- AUTO_INCREMENT for table `categories`
--
ALTER TABLE `categories`
  MODIFY `id` int(255) NOT NULL AUTO_INCREMENT, AUTO_INCREMENT=10;
--
-- AUTO_INCREMENT for table `customers`
--
ALTER TABLE `customers`
  MODIFY `id` int(10) NOT NULL AUTO_INCREMENT, AUTO_INCREMENT=358;
--
-- AUTO_INCREMENT for table `Failed_T`
--
ALTER TABLE `Failed_T`
  MODIFY `id` int(10) NOT NULL AUTO_INCREMENT, AUTO_INCREMENT=50;
--
-- AUTO_INCREMENT for table `orders`
--
ALTER TABLE `orders`
  MODIFY `id` int(10) NOT NULL AUTO_INCREMENT, AUTO_INCREMENT=598;
--
-- AUTO_INCREMENT for table `Payment`
--
ALTER TABLE `Payment`
  MODIFY `id` int(10) NOT NULL AUTO_INCREMENT;
--
-- AUTO_INCREMENT for table `products`
--
ALTER TABLE `products`
  MODIFY `id` int(10) NOT NULL AUTO_INCREMENT, AUTO_INCREMENT=23;
--
-- AUTO_INCREMENT for table `Rejected`
--
ALTER TABLE `Rejected`
  MODIFY `id` int(11) NOT NULL AUTO_INCREMENT, AUTO_INCREMENT=3;
--
-- AUTO_INCREMENT for table `roles`
--
ALTER TABLE `roles`
  MODIFY `id` int(5) NOT NULL AUTO_INCREMENT, AUTO_INCREMENT=4;
--
-- AUTO_INCREMENT for table `Successful_T`
--
ALTER TABLE `Successful_T`
  MODIFY `id` int(10) UNSIGNED NOT NULL AUTO_INCREMENT, AUTO_INCREMENT=6;
--
-- AUTO_INCREMENT for table `users`
--
ALTER TABLE `users`
  MODIFY `id` int(10) NOT NULL AUTO_INCREMENT, AUTO_INCREMENT=61;
--
-- AUTO_INCREMENT for table `user_logs`
--
ALTER TABLE `user_logs`
  MODIFY `id` int(10) NOT NULL AUTO_INCREMENT, AUTO_INCREMENT=41;
/*!40101 SET CHARACTER_SET_CLIENT=@OLD_CHARACTER_SET_CLIENT */;
/*!40101 SET CHARACTER_SET_RESULTS=@OLD_CHARACTER_SET_RESULTS */;
/*!40101 SET COLLATION_CONNECTION=@OLD_COLLATION_CONNECTION */;
